{"compile_duration": 10.9440279006958, "duration_per_example": 0.025237808469682932, "tile_duration_per_example": 1e-09, "examples": 1024, "batch_size": 1, "model": "inception_v3", "backend": "plaid", "correct": true, "max_error": 1.6651902114972472e-05, "max_abs_error": 1.1995434761047363e-06, "fail_ratio": 0.0}