{"compile_duration": 2.4092459678649902, "duration_per_example": 0.07425653329119086, "tile_duration_per_example": 1e-09, "examples": 1024, "batch_size": 1, "model": "vgg19", "backend": "plaid", "correct": false, "max_error": 67.54243469238281, "max_abs_error": 0.9990231394767761, "fail_ratio": 1.0}