{"compile_duration": 5.648997068405151, "duration_per_example": 0.014108712784945965, "tile_duration_per_example": 1e-09, "examples": 1024, "batch_size": 1, "model": "mobilenet_v2", "backend": "plaid", "correct": false, "max_error": 62.585113525390625, "max_abs_error": 0.9589260816574097, "fail_ratio": 0.993}