{"compile_duration": 8.24079418182373, "duration_per_example": 0.010536362184211612, "tile_duration_per_example": 1.8030156250000002e-06, "examples": 1024, "batch_size": 1, "model": "mobilenet_v2", "backend": "plaid", "correct": true, "max_error": 2.5430384994251654e-05, "max_abs_error": 3.874301910400391e-06, "fail_ratio": 0.0}