{"compile_duration": 1.2748339176177979, "duration_per_example": 0.06375821866095066, "tile_duration_per_example": 1e-09, "examples": 1024, "batch_size": 1, "model": "vgg19", "backend": "plaid", "correct": true, "max_error": 4.674133379012346e-06, "max_abs_error": 6.407499313354492e-07, "fail_ratio": 0.0}