{"compile_duration": 3.003288745880127, "duration_per_example": 0.028209254844114184, "tile_duration_per_example": 1e-09, "examples": 1024, "batch_size": 1, "model": "vgg19", "backend": "plaid", "correct": true, "max_error": 8.043884918151889e-06, "max_abs_error": 1.1026859283447266e-06, "fail_ratio": 0.0}