{"compile_duration": 2.0690009593963623, "duration_per_example": 0.011158485198393464, "tile_duration_per_example": 1e-09, "examples": 1024, "batch_size": 1, "model": "mobilenet_v2", "backend": "plaid", "correct": true, "max_error": 5.30494889972033e-06, "max_abs_error": 7.748603820800781e-07, "fail_ratio": 0.0}