{"compile_duration": 8.739720106124878, "duration_per_example": 0.01598900486715138, "tile_duration_per_example": 6.48337109375e-06, "examples": 1024, "batch_size": 1, "model": "resnet50", "backend": "plaid", "correct": true, "max_error": 8.321939276356716e-06, "max_abs_error": 1.2814998626708984e-06, "fail_ratio": 0.0}